N,avg,std
128,264.41263564888885,2.8754314534396817
500,333.7472945771051,14.053592531443423
800,698.8208387080394,0.0
