N,avg,std
128,477.4024762595588,2.052142352425334
500,571.5496436630533,1.114436636054952
800,697.844865684507,0.0