N,avg,std
256,530.7418875857143,2.5816270285715177
500,573.0074647977941,0.0
864,629.9100437940341,0.0
1372,710.9915695288086,0.0
