N,avg,std
256,430.6870136125227,1.3232325598910961
500,459.50955842391215,0.6528591199474647
864,504.6458248678832,0.5604812094890406
1372,769.7971996333008,9.831085302246095
