N,avg,std
256,443.0254490338982,1.4094885423729409
500,486.2732752127488,3.5648076431835136
864,538.5696378704513,0.2792044585153235
1372,779.3654875478517,2.793270152343723
