N,avg,std
256,393.3433014219884,3.6131376912191797
500,409.3321255707317,0.0
864,457.85962492507645,0.0
1372,738.0682381699219,0.0
