N,avg,std
256,614.0427060308641,0.037450203703713214
500,651.5337217577021,0.521061378964589
864,669.6173660117423,10.976354803697859
1372,815.1738520842285,0.913043349365239
