N,avg,std
128,479.46919222794116,7.1260924103981536
500,564.532233443841,0.5084669494173681
1300,679.5832063251953,0.0
