N,avg,std
128,299.3606024681818,2.756593413054897
500,352.18779103532063,1.2398118143903787
1300,762.6124886215821,0.0
