N,avg,std
128,604.4971076803571,6.955124387070798
500,638.9844834268611,1.489209725166063
1300,812.8943113354492,0.0
