N,avg,std
128,413.0912345797619,5.9976571617151695
500,501.5885798429752,0.5818242148760078
1300,669.4186209291992,0.0
