N,avg,std
128,303.13897086363636,1.1226637373951636
500,363.1968736926257,2.5161704526257154
1300,735.5363076967774,0.0
