N,avg,std
128,303.12865918863633,6.300531917833405
500,353.9455752120053,0.8024402821807257
1300,762.2097437470703,0.0
