N,avg,std
128,413.2449208214286,2.9156036645767025
500,504.3227606663546,1.1311845147152724
1300,721.5647588129883,0.0
