N,avg,std
128,301.6855421681818,5.455778260896865
500,353.7189435818714,0.41635315497075
1300,751.6121630976562,0.0
