N,avg,std
256,600.814834192405,2.7793584075948843
500,629.5196322455164,1.4239723667284352
864,661.0030149004679,0.7530695927754891
1372,835.1209383178712,86.70240303613281
