N,avg,std
128,176.99315198214285,3.7012579665647714
500,182.29992909728196,0.966112999121742
800,208.49253304385792,0.5311035008891736
1300,317.9469610234375,0.0
