N,avg,std
256,529.4920716571427,1.7227350714285876
500,572.319306373375,4.239023597639687
864,608.6148124261949,0.8243874276400902
1372,719.8322351743165,8.19932947998052
