N,avg,std
256,526.4030572072463,0.8276581927536313
500,562.6789499645042,0.1369389418628657
864,607.2006138986976,0.2935860130245942
1372,714.4165796855468,4.606606942382825
