N,avg,std
256,394.73801133018867,0.7992901981131979
500,412.64286481655074,0.47825266384140264
864,454.86466182735444,1.3260147771112827
1372,743.4665556948241,1.5777162656249288
