N,avg,std
256,523.8561976003105,3.444648556832192
500,564.8174416778797,1.6777544447969037
864,610.6757608893107,1.034252083232559
1372,713.138552375,4.427761420898435
